component,category,desc,is_verified,verified_by,detail
activatable,可交互类组件,允许玩家在游戏中启用或禁用该组件,No,,[了解细节](components/activatable.md)
age,触发器类组件,模拟实体的寿命，当寿命结束后可以执行特定操作,No,,[了解细节](components/age.md)
ambientlighting,持续效果类组件,控制环境光照的颜色和强度，以改善游戏的视觉体验,No,,[了解细节](components/ambientlighting.md)
ambientsound,持续效果类组件,控制环境声音的音量和类型，以改善游戏的听觉体验,No,,[了解细节](components/ambientsound.md)
amorphous,实体相关,允许实体以不规则的形状存在，例如软体动物,No,,[了解细节](components/amorphous.md)
amphibiouscreature,实体相关,允许实体在水中和陆地上都可以生存,No,,[了解细节](components/amphibiouscreature.md)
anchor,触发器相关,固定一个实体的位置，以便于建筑物的构建和移动,No,,[了解细节](components/anchor.md)
aoetargeting,触发器类组件,允许实体进行范围攻击，可以设置攻击半径和攻击效果等参数,No,,[了解细节](components/aoetargeting.md)
appraisable,可交互类组件,评估道具质量,No,,[了解细节](components/appraisable.md)
archivemanager,触发器相关,管理游戏中的数据文件，例如保存和加载游戏进度，备份等,No,,[了解细节](components/archivemanager.md)
area_trigger,触发器类组件,当实体进入或离开特定区域时触发一些事件或行为,No,,[了解细节](components/area_trigger.md)
area_unlock,触发器类组件,当实体进入或离开特定区域时解锁或锁定一些游戏内容，例如地图区域,No,,[了解细节](components/area_unlock.md)
areaaware,触发器类组件,允许实体感知周围区域的状态和特性，例如天气，温度等,No,,[了解细节](components/areaaware.md)
armor,实体相关,允许实体装备不同的护甲，提供不同的防御值和特殊效果,No,,[了解细节](components/armor.md)
attunable,可交互类组件,允许实体根据不同的属性或状态来调整自己的行为和属性,No,,[了解细节](components/attunable.md)
attuner,可交互类组件,允许实体对周围的其他实体进行调整，例如增加攻击力，减少速度等,No,,[了解细节](components/attuner.md)
aura,触发器相关,给实体添加一个特殊的光环效果，例如吸收伤害，提高速度等,No,,[了解细节](components/aura.md)
autosaver,实体相关,自动保存游戏进度，以免玩家在意外断开连接或游戏崩溃时丢失进度,No,,[了解细节](components/autosaver.md)
bait,触发器相关,允许玩家设置和使用鱼饵，用于吸引和捕捉鱼类,No,,[了解细节](components/bait.md)
balloonmaker,生物特性类,允许实体制造气球，可用于交换物品或装饰游戏环境,No,,[了解细节](components/balloonmaker.md)
bathbomb,物品类,在游戏中使用可产生炸裂效果，有些版本可以用于治愈实体,No,,[了解细节](components/bathbomb.md)
bathbombable,生物特性类,允许实体使用浴弹，有时会导致实体治愈或产生其他效果,No,,[了解细节](components/bathbombable.md)
batspawner,生物生成类,允许在游戏中生成蝙蝠，可用于交换物品或装饰游戏环境,No,,[了解细节](components/batspawner.md)
battery,实体相关,维护能源电池的状态,No,,[了解细节](components/battery.md)
batteryuser,可交互类组件,可使用电池的物品,No,,[了解细节](components/batteryuser.md)
battleborn,实体相关,允许实体在战斗中变得更强，例如获得额外的攻击力和防御力,No,,[了解细节](components/battleborn.md)
beard,实体相关,允许实体生长胡须或头发，有时可以提供额外的保护或效果,No,,[了解细节](components/beard.md)
beargerspawner,生物生成类,允许在游戏中生成熊獾，可用于交换物品或装饰游戏环境,No,,[了解细节](components/beargerspawner.md)
beaverness,生物特性类,允许实体表现出河狸的行为和特征，例如建造大坝或储存食物,No,,[了解细节](components/beaverness.md)
bedazzlement,持续效果类组件,记录角色的眼花缭乱程度,No,,[了解细节](components/bedazzlement.md)
bedazzler,可交互类组件,为物品增加一些有趣的效果,No,,[了解细节](components/bedazzler.md)
beefalometrics,生物特性类,允许实体分析牛的特征和行为，例如快速繁殖或提高肉品质量,No,,[了解细节](components/beefalometrics.md)
birdattractor,生物特性类,允许实体吸引鸟类，可用于交换物品或装饰游戏环境,No,,[了解细节](components/birdattractor.md)
birdspawner,生物生成类,允许在游戏中生成鸟类，可用于交换物品或装饰游戏环境,No,,[了解细节](components/birdspawner.md)
blinkstaff,物品类,允许玩家在游戏中快速移动，类似传送门,No,,[了解细节](components/blinkstaff.md)
bloomer,持续效果类组件,可以在游戏中添加花朵或植物，以改善游戏的视觉体验,No,,[了解细节](components/bloomer.md)
bloomness,持续效果类组件,控制环境中花朵或植物的数量和颜色，以改善游戏的视觉体验,No,,[了解细节](components/bloomness.md)
blowinwind,持续效果类组件,模拟风吹的效果，例如树叶和草的摆动，以改善游戏的视觉体验,No,,[了解细节](components/blowinwind.md)
boatai,游戏机制类,控制船只的行为和移动，例如船只的速度和方向等参数,No,,[了解细节](components/boatai.md)
boatdrag,游戏机制类,控制船只在水中行驶时的摩擦和阻力，以模拟真实物理效果,No,,[了解细节](components/boatdrag.md)
boatdrifter,触发器类组件,记录漂流船的状态,No,,[了解细节](components/boatdrifter.md)
boatleak,游戏机制类,在船只受到伤害或老化时模拟船只漏水，增加游戏的挑战性,No,,[了解细节](components/boatleak.md)
boatpatch,游戏机制类,允许玩家修补破损的船只，以维持船只的正常运行和使用,No,,[了解细节](components/boatpatch.md)
boatphysics,游戏机制类,模拟船只在水中行驶时的物理效应，例如波浪和水流的影响,No,,[了解细节](components/boatphysics.md)
boattrail,环境美化类,在船只后面添加尾迹效果，以改善游戏的视觉体验,No,,[了解细节](components/boattrail.md)
boattrailmover,环境美化类,控制船只尾迹效果的运动和消失效果，以改善游戏的视觉体验,No,,[了解细节](components/boattrailmover.md)
book,触发器相关,在游戏中添加书籍或笔记，可用于交换信息或提供游戏指导,No,,[了解细节](components/book.md)
bosstargeter,触发器相关,允许实体锁定和攻击游戏中的boss，以增加游戏的挑战性,No,,[了解细节](components/bosstargeter.md)
brightmarespawner,持续效果类组件,允许在游戏中生成发光的马，可用于交换物品或装饰游戏环境,No,,[了解细节](components/brightmarespawner.md)
brush,触发器相关,允许玩家使用画笔来绘制图案或装饰游戏环境,No,,[了解细节](components/brush.md)
brushable,触发器相关,允许实体被玩家用画笔涂色或添加图案，以装饰游戏环境,No,,[了解细节](components/brushable.md)
builder,触发器相关,允许玩家使用资源来建造建筑物和其他物品，以改善游戏的玩法体验,No,,[了解细节](components/builder.md)
builder_replica,触发器相关,允许玩家在游戏中复制建筑物和其他物品，以便于制造和分享,No,,[了解细节](components/builder_replica.md)
bundlemaker,触发器相关,允许玩家将多个物品打包成一个捆绑包，方便存储和交换,No,,[了解细节](components/bundlemaker.md)
bundler,触发器相关,允许玩家将多个捆绑包合并成一个更大的捆绑包，以便于管理和交换,No,,[了解细节](components/bundler.md)
burnable,实体相关,允许物品在游戏中燃烧，例如木材或纸张等,No,,[了解细节](components/burnable.md)
butterflyspawner,持续效果类组件,允许在游戏中生成蝴蝶，可用于交换物品或装饰游戏环境,No,,[了解细节](components/butterflyspawner.md)
carefulwalker,触发器相关,允许实体在行走时更加小心谨慎，减少碰撞和伤害的可能性,No,,[了解细节](components/carefulwalker.md)
carnivaldecor,可交互类组件,为嘉年华增加一些装饰物,No,,[了解细节](components/carnivaldecor.md)
carnivaldecorranker,触发器相关,记录喜庆小游戏装饰物的位置,No,,[了解细节](components/carnivaldecorranker.md)
carnivalevent,实体相关,一个用于YOTB的舞台事件,No,,[了解细节](components/carnivalevent.md)
carnivalgamefeedable,可交互类组件,适用于嘉年华游戏的喂食器件,No,,[了解细节](components/carnivalgamefeedable.md)
carnivalgameitem,可交互类组件,为嘉年华添加一些互动玩具,No,,[了解细节](components/carnivalgameitem.md)
carnivalhostsummon,可交互类组件,将小丑呼叫到一个地方,No,,[了解细节](components/carnivalhostsummon.md)
catcher,实体相关,允许玩家捕捉和收集游戏中的生物和其他物品，以便于存储和使用,No,,[了解细节](components/catcher.md)
cattoy,可交互类组件,为实体提供一个可以玩耍的小玩具,No,,[了解细节](components/cattoy.md)
caveins,游戏机制类,模拟洞穴崩塌的效果，增加游戏的挑战性和难度,No,,[了解细节](components/caveins.md)
caveweather,环境/天气相关,控制洞穴中的天气效果，例如雨水和霜冻等,No,,[了解细节](components/caveweather.md)
channelable,触发器相关,允许物品或实体通过通道进行传输，例如管道或传送门等,No,,[了解细节](components/channelable.md)
chessunlocks,触发器相关,解锁游戏中的特定内容或游戏模式，通常需要完成一些特定的任务或成就,No,,[了解细节](components/chessunlocks.md)
childspawner,生物生成类,允许实体在游戏中生成孩子，可用于繁殖和增加族群数量,No,,[了解细节](components/childspawner.md)
circler,触发器相关,允许实体在游戏中绕着某个中心点运动，例如鸟类或昆虫等,No,,[了解细节](components/circler.md)
circuitnode,触发器相关,允许玩家在游戏中创建电路节点，以实现复杂的游戏机制和玩法,No,,[了解细节](components/circuitnode.md)
clock,触发器相关,在游戏中显示时间，可用于计时或管理游戏中的日夜循环,No,,[了解细节](components/clock.md)
colouradder,触发器相关,在游戏中添加颜色渐变效果，以改善游戏的视觉体验,No,,[了解细节](components/colouradder.md)
colourcube,触发器相关,控制游戏中的颜色和光照效果，以改善游戏的视觉体验,No,,[了解细节](components/colourcube.md)
colourtweener,触发器相关,在游戏中添加颜色渐变和淡入淡出效果，以改善游戏的视觉体验,No,,[了解细节](components/colourtweener.md)
combat,触发器类组件,允许实体进行战斗，包括攻击、防御、技能等,No,,[了解细节](components/combat.md)
combat_replica,触发器类组件,在游戏中复制和控制战斗机制，以便于调试和测试,No,,[了解细节](components/combat_replica.md)
commander,触发器相关,允许玩家控制游戏中的实体和物品，例如使用指令进行操作,No,,[了解细节](components/commander.md)
complexprojectile,实体相关,允许玩家发射复杂的弹射物，例如炮弹、导弹等,No,,[了解细节](components/complexprojectile.md)
compostingbin,工具类,允许玩家制造并使用堆肥箱，以便于处理和管理有机垃圾,No,,[了解细节](components/compostingbin.md)
constructionbuilder,触发器相关,允许玩家建造建筑物和其他物品，以改善游戏的玩法体验,No,,[了解细节](components/constructionbuilder.md)
constructionbuilderuidata,触发器相关,控制建筑物建造界面的显示和交互效果，以便于玩家进行建造操作,No,,[了解细节](components/constructionbuilderuidata.md)
constructionplans,触发器相关,允许玩家创建和使用建筑物设计图纸，方便建造和分享,No,,[了解细节](components/constructionplans.md)
constructionsite,触发器相关,在游戏中创建建筑工地，以便于玩家进行建造和管理,No,,[了解细节](components/constructionsite.md)
constructionsite_replica,触发器相关,在游戏中复制和控制建筑工地，以便于调试和测试,No,,[了解细节](components/constructionsite_replica.md)
container,触发器相关,允许玩家存储和管理物品，例如箱子、储物柜等,No,,[了解细节](components/container.md)
container_replica,触发器相关,在游戏中复制和控制容器，以便于调试和测试,No,,[了解细节](components/container_replica.md)
cookable,物品类,允许物品在游戏中被烹饪，以改变它们的属性和效果,No,,[了解细节](components/cookable.md)
cookbookupdater,触发器相关,在游戏中更新和管理食谱，以便于玩家进行烹饪和制造操作,No,,[了解细节](components/cookbookupdater.md)
cooker,触发器相关,允许玩家在游戏中进行烹饪和制造操作，以改善游戏的玩法体验,No,,[了解细节](components/cooker.md)
cookiecutterdrill,工具类,允许玩家在游戏中使用饼干切割器进行采矿，以增加游戏的挑战性,No,,[了解细节](components/cookiecutterdrill.md)
cooldown,触发器类组件,控制物品或实体的冷却时间和使用次数，以增加游戏的平衡性和挑战性,No,,[了解细节](components/cooldown.md)
crabkingspawner,触发器相关,允许在游戏中生成螃蟹王，增加游戏的挑战性和难度,No,,[了解细节](components/crabkingspawner.md)
craftingstation,触发器相关,允许玩家使用工具台来制造物品和装备，以改善游戏的玩法体验,No,,[了解细节](components/craftingstation.md)
crittertraits,实体相关,控制游戏中小动物的属性和行为，例如宠物或牧场生物等,No,,[了解细节](components/crittertraits.md)
crop,实体相关,允许玩家种植、收获和管理农作物，以便于食品生产和交换,No,,[了解细节](components/crop.md)
custombuildmanager,可交互类组件,管理可建造物的数据，提供可交互接口,No,,[了解细节](components/custombuildmanager.md)
cyclable,触发器相关,控制游戏中的环境特效，例如季节、天气和时间等,No,,[了解细节](components/cyclable.md)
damagereflect,触发器类组件,允许实体反弹和反击敌人的攻击，增加游戏的挑战性和深度,No,,[了解细节](components/damagereflect.md)
damagetracker,触发器类组件,跟踪和管理实体的伤害和治疗效果，以便于游戏平衡和调整,No,,[了解细节](components/damagetracker.md)
dataanalyzer,环境/天气相关,用于解读数据,No,,[了解细节](components/dataanalyzer.md)
debuff,触发器类组件,允许实体施加负面状态和效果，以增加游戏的挑战性和难度,No,,[了解细节](components/debuff.md)
debuffable,触发器类组件,允许实体受到负面状态和效果，增加游戏的挑战性和深度,No,,[了解细节](components/debuffable.md)
debugger,工具类,允许开发者在游戏中调试和测试代码，以便于修复和优化程序,No,,[了解细节](components/debugger.md)
decay,游戏机制类,控制物品和实体的腐烂和衰退，以增加游戏的平衡性和真实感,No,,[了解细节](components/decay.md)
deciduoustreeupdater,环境美化类,控制游戏中落叶树的生长和更新，以改善游戏的视觉体验,No,,[了解细节](components/deciduoustreeupdater.md)
deerclopsspawner,生物生成类,允许在游戏中生成巨鹿，增加游戏的挑战性和难度,No,,[了解细节](components/deerclopsspawner.md)
deerherding,生物特性类,控制游戏中鹿群的行为和属性，以便于玩家进行狩猎和管理操作,No,,[了解细节](components/deerherding.md)
deerherdspawner,生物生成类,允许在游戏中生成鹿群，增加游戏的挑战性和深度,No,,[了解细节](components/deerherdspawner.md)
deployable,可交互类组件,允许玩家在游戏中放置和使用部署物品，例如帐篷、篝火等,No,,[了解细节](components/deployable.md)
deployhelper,可交互类组件,在游戏中提供部署物品的辅助和指引，以便于玩家进行放置和使用操作,No,,[了解细节](components/deployhelper.md)
desolationspawner,生物生成类,允许在游戏中生成荒漠巨兽，增加游戏的挑战性和深度,No,,[了解细节](components/desolationspawner.md)
digester,工具类,允许玩家使用消化器来处理和转化物品和生物，以便于资源管理和回收,No,,[了解细节](components/digester.md)
disappears,游戏机制类,控制物品或实体的消失和清除，以便于游戏的平衡和管理,No,,[了解细节](components/disappears.md)
discoverable,物品类,允许玩家在游戏中发现和收集隐藏的物品和装备，增加游戏的深度和趣味性,No,,[了解细节](components/discoverable.md)
diseaseable,持续效果类组件,允许实体受到疾病和感染，增加游戏的挑战性和深度,No,,[了解细节](components/diseaseable.md)
distancefade,环境/天气相关,跟踪实体和屏幕上的渐变距离，用于天气效果和视觉效果的淡出效果,No,,[了解细节](components/distancefade.md)
distancetracker,环境/天气相关,跟踪和记录实体之间的距离和位置，以便于游戏机制和玩法的实现,No,,[了解细节](components/distancetracker.md)
domesticatable,触发器类组件,允许实体被驯化和驯养，成为玩家的宠物或伙伴，增加游戏的趣味性,No,,[了解细节](components/domesticatable.md)
drawable,实体相关,控制物品的图像和外观，以改善游戏的视觉体验,No,,[了解细节](components/drawable.md)
drawingtool,可交互类组件,允许玩家在游戏中绘制和涂鸦，以便于创意表达和互动交流,No,,[了解细节](components/drawingtool.md)
drownable,持续效果类组件,控制实体在水中的状态和效果，以增加游戏的挑战性和真实感,No,,[了解细节](components/drownable.md)
dryable,持续效果类组件,允许物品在游戏中变干和干燥，以改变它们的属性和效果,No,,[了解细节](components/dryable.md)
dryer,持续效果类组件,允许玩家在游戏中使用干燥器来加速物品的干燥和处理操作,No,,[了解细节](components/dryer.md)
dsp,环境/天气相关,控制游戏中的数字信号处理，例如声音、图像和通信等,No,,[了解细节](components/dsp.md)
dumbbelllifter,可交互类组件,举重器，用于提升健身等级,No,,[了解细节](components/dumbbelllifter.md)
dynamicmusic,环境/天气相关,控制游戏中音乐的动态变化，以增加游戏的氛围和体验,No,,[了解细节](components/dynamicmusic.md)
eater,生物特性类,控制实体的饮食和消化系统，以便于玩家进行养殖和食品管理操作,No,,[了解细节](components/eater.md)
edible,实体相关,允许物品在游戏中被食用和消耗，以满足实体的饮食需求和生存状态,No,,[了解细节](components/edible.md)
efficientuser,触发器类组件,保存一个生物，当其拿起物品并使用时发出信号,No,,[了解细节](components/efficientuser.md)
electricattacks,游戏机制类,允许实体进行电击攻击和防御，以增加游戏的挑战性和深度,No,,[了解细节](components/electricattacks.md)
embarker,持续效果类组件,允许玩家在游戏中登船和下船，以便于船只和海上交通的管理和使用操作,No,,[了解细节](components/embarker.md)
emitter,工具类,允许在游戏中发射和控制粒子效果，以改善游戏的视觉体验,No,,[了解细节](components/emitter.md)
entitytracker,持续效果类组件,跟踪和管理实体的状态和位置，以便于游戏机制和玩法的实现,No,,[了解细节](components/entitytracker.md)
epicscare,生物特性类,允许实体施加恐惧和威慑效果，增加游戏的挑战性和深度,No,,[了解细节](components/epicscare.md)
equippable,可交互类组件,允许物品在游戏中被装备和使用，以增强实体的能力和战斗效果,No,,[了解细节](components/equippable.md)
equippable_replica,可交互类组件,在游戏中复制和控制可装备物品，以便于调试和测试,No,,[了解细节](components/equippable_replica.md)
expertsailor,实体相关,让实体表现出优秀的航海家特征,No,,[了解细节](components/expertsailor.md)
explosive,游戏机制类,允许物品和实体进行爆炸攻击和破坏，以增加游戏的挑战性和深度,No,,[了解细节](components/explosive.md)
explosiveresist,生物特性类,控制实体对爆炸攻击和伤害的抵抗和防御，增加游戏的平衡性和挑战性,No,,[了解细节](components/explosiveresist.md)
fader,环境美化类,控制游戏中图像和效果的渐变和变化，以改善游戏的视觉体验,No,,[了解细节](components/fader.md)
fan,工具类,允许玩家在游戏中使用风扇进行空气控制和通风，以改善实体的生存和舒适度,No,,[了解细节](components/fan.md)
farming_manager,工具类,管理和控制农场和种植操作，以便于玩家进行农业生产和食品管理操作,No,,[了解细节](components/farming_manager.md)
farmplantable,物品类,允许玩家在游戏中种植和管理农作物，以便于食品生产和交换,No,,[了解细节](components/farmplantable.md)
farmplantstress,生物特性类,控制农作物在游戏中的压力和压迫，以增加游戏的挑战性和真实感,No,,[了解细节](components/farmplantstress.md)
farmplanttendable,生物特性类,允许玩家在游戏中进行农作物的照顾和管理，以改善农业生产和食品管理操作,No,,[了解细节](components/farmplanttendable.md)
farmsoildrinker,生物特性类,控制植物在游戏中对土壤和水分的需求和吸收，以增加游戏的真实感和深度,No,,[了解细节](components/farmsoildrinker.md)
farmtiller,工具类,允许玩家在游戏中使用耕地机来耕种和管理土地，以便于农业生产和食品管理操作,No,,[了解细节](components/farmtiller.md)
feasts,生物特性类,允许实体在游戏中享用宴席和美食，以改善它们的状态和幸福度,No,,[了解细节](components/feasts.md)
fertilizable,物品类,允许物品在游戏中被肥料施肥，以增加农作物的产量和品质,No,,[了解细节](components/fertilizable.md)
fertilizer,物品类,提供肥料供农作物使用，在游戏中促进农业生产和食品管理操作,No,,[了解细节](components/fertilizer.md)
fertilizerresearchable,游戏机制类,它控制游戏中肥料的研究和使用。通过这个组件，玩家可以解锁新的肥料类型和肥料的功能，以增加游戏的深度和挑战性。这个组件还可以控制肥料的配方和制作流程，以便玩家更好地利用资源和增加农业产量。,No,,[了解细节](components/fertilizerresearchable.md)
fillable,物品类,允许物品在游戏中被填充和注水，以改变它们的属性和效果,No,,[了解细节](components/fillable.md)
finiteuses,实体相关,控制物品的使用次数和寿命，以增加游戏的平衡性和挑战性,No,,[了解细节](components/finiteuses.md)
firebug,工具类,允许玩家在游戏中制造和控制火焰，以便于生存和狩猎操作,No,,[了解细节](components/firebug.md)
firedetector,工具类,检测和报警火灾和燃烧情况，在游戏中保护实体和环境安全,No,,[了解细节](components/firedetector.md)
firefx,持续效果类组件,控制游戏中火焰和燃烧的视觉效果，以改善游戏的视觉体验,No,,[了解细节](components/firefx.md)
fishable,物品类,允许玩家在游戏中捕捞和钓鱼，以满足实体的食品需求和生存状态,No,,[了解细节](components/fishable.md)
fishingnet,物品类,允许玩家在游戏中使用渔网进行捕捞和收集，以增加资源和物资来源,No,,[了解细节](components/fishingnet.md)
fishingnetvisualizer,工具类,在游戏中显示渔网的捕捞范围和效果，以便于捕鱼和资源管理操作,No,,[了解细节](components/fishingnetvisualizer.md)
fishingrod,物品类,允许玩家在游戏中使用钓竿进行钓鱼，以满足实体的食品需求和生存状态,No,,[了解细节](components/fishingrod.md)
fishingrod_replica,物品类,在游戏中复制和控制钓竿，以便于调试和测试,No,,[了解细节](components/fishingrod_replica.md)
fishschool,生物特性类,控制游戏中鱼群的行为和属性，以便于玩家进行捕鱼和资源管理操作,No,,[了解细节](components/fishschool.md)
floater,物品类,在游戏中提供漂浮物品和设备，以便于船只和海上交通的管理和使用操作,No,,[了解细节](components/floater.md)
flotationdevice,可交互类组件,维护漂浮装置的状态,No,,[了解细节](components/flotationdevice.md)
flotsamgenerator,物品类,允许在游戏中生成漂浮物品和资源，增加游戏的深度和趣味性,No,,[了解细节](components/flotsamgenerator.md)
focalpoint,工具类,在游戏中提供焦点和视觉聚焦，以便于玩家进行探索和导航操作,No,,[了解细节](components/focalpoint.md)
follower,触发器类组件,控制游戏中实体的跟随和陪伴行为，以增加游戏的趣味性和深度,No,,[了解细节](components/follower.md)
follower_replica,触发器类组件,在游戏中复制和控制实体的跟随行为，以便于调试和测试,No,,[了解细节](components/follower_replica.md)
followerherder,实体相关,羊毛的治愈之力，吸引跟随者，让它们回到羊栏中,No,,[了解细节](components/followerherder.md)
foodaffinity,物品类,控制实体对不同食物的喜好和偏好，以增加游戏的真实感和深度,No,,[了解细节](components/foodaffinity.md)
foodmemory,生物特性类,记录和存储实体对食物的记忆和偏好，以增加游戏的真实感和深度,No,,[了解细节](components/foodmemory.md)
forcecompostable,物品类,强制物品在游戏中进行堆肥和分解，以便于资源管理和环境保护操作,No,,[了解细节](components/forcecompostable.md)
forestpetrification,游戏机制类,允许游戏中的森林变成石化森林，增加游戏的挑战性和深度,No,,[了解细节](components/forestpetrification.md)
forestresourcespawner,持续效果类组件,在游戏中生成和管理森林资源，以增加游戏的深度和趣味性,No,,[了解细节](components/forestresourcespawner.md)
formationfollower,生物特性类,控制实体在游戏中的编队和跟随行为，以增加游戏的战略性和深度,No,,[了解细节](components/formationfollower.md)
formationleader,生物特性类,控制实体在游戏中的编队和领导行为，以增加游戏的战略性和深度,No,,[了解细节](components/formationleader.md)
freezable,实体相关,允许物品在游戏中被冰冻和冷藏，以改变它们的属性和效果,No,,[了解细节](components/freezable.md)
freezefx,触发器类组件,控制游戏中冰冻和冷藏的视觉效果，以改善游戏的视觉体验,No,,[了解细节](components/freezefx.md)
friendlevels,触发器类组件,控制实体之间的友好和亲密程度，以增加游戏的真实感和深度,No,,[了解细节](components/friendlevels.md)
frograin,生物特性类,控制游戏中蛤蟆的产卵和繁殖行为，以增加游戏的真实感和深度,No,,[了解细节](components/frograin.md)
frostybreather,生物特性类,控制实体在游戏中的呼吸和排气行为，以增加游戏的真实感和深度,No,,[了解细节](components/frostybreather.md)
fuel,物品类,提供燃料供游戏中的设备和工具使用，以便于生产和资源管理操作,No,,[了解细节](components/fuel.md)
fueled,持续效果类组件,控制设备和工具的燃料使用和寿命，以增加游戏的平衡性和挑战性,No,,[了解细节](components/fueled.md)
fuelmaster,物品类,控制物品的燃料使用和管理，以增加游戏的平衡性和挑战性,No,,[了解细节](components/fuelmaster.md)
ghostlybond,生物特性类,控制实体之间的幽灵绑定和联系，以增加游戏的真实感和深度,No,,[了解细节](components/ghostlybond.md)
ghostlyelixir,物品类,提供幽灵药剂供实体使用，以增加游戏的深度和趣味性,No,,[了解细节](components/ghostlyelixir.md)
ghostlyelixirable,物品类,控制实体对幽灵药剂的使用和效果，以增加游戏的真实感和深度,No,,[了解细节](components/ghostlyelixirable.md)
giftreceiver,物品类,控制实体对礼物和奖励的接受和使用，以增加游戏的趣味性和深度,No,,[了解细节](components/giftreceiver.md)
gingerbreadhunter,生物特性类,控制游戏中姜饼人的狩猎行为和属性，以增加游戏的趣味性和深度,No,,[了解细节](components/gingerbreadhunter.md)
grogginess,生物特性类,控制实体在游戏中的喝醉和疲劳状态，以增加游戏的真实感和趣味性,No,,[了解细节](components/grogginess.md)
groomer,可交互类组件,帮助动物呈现优美的外观,No,,[了解细节](components/groomer.md)
grottowarmanager,游戏机制类,控制游戏中地下洞穴的战斗和交互行为，以增加游戏的深度和挑战性,No,,[了解细节](components/grottowarmanager.md)
grottowaterfallsoundcontroller,持续效果类组件,控制游戏中地下洞穴瀑布的声音效果，以改善游戏的视听体验,No,,[了解细节](components/grottowaterfallsoundcontroller.md)
groundcreep,触发器类组件,在游戏中生成和管理地面爬行物，以增加游戏的视觉效果和深度,No,,[了解细节](components/groundcreep.md)
groundpounder,触发器类组件,控制实体在游戏中的地面践踏行为和属性，以增加游戏的真实感和深度,No,,[了解细节](components/groundpounder.md)
groundshadowhandler,触发器类组件,控制实体在游戏中的地面阴影行为和属性，以增加游戏的真实感和深度,No,,[了解细节](components/groundshadowhandler.md)
grouptargeter,生物特性类,控制游戏中实体的目标选择和攻击策略，以增加游戏的战斗和战略元素,No,,[了解细节](components/grouptargeter.md)
growable,触发器类组件,控制游戏中植物的生长和发育行为，以增加游戏的农业和经济元素,No,,[了解细节](components/growable.md)
grower,触发器类组件,控制游戏中植物的生长和繁殖行为，以增加游戏的农业和经济元素,No,,[了解细节](components/grower.md)
grue,游戏机制类,控制游戏中黑暗和光照的变化和影响，以增加游戏的挑战性和深度,No,,[了解细节](components/grue.md)
guardian,生物特性类,控制游戏中守卫和保护行为，以增加游戏的战略性和挑战性,No,,[了解细节](components/guardian.md)
gym,物品类,提供锻炼和训练设施供实体使用，以增加游戏的趣味性和深度,No,,[了解细节](components/gym.md)
halloweenmoonmutable,游戏机制类,控制游戏中万圣节月亮的形态和属性变化，以增加游戏的趣味性和深度,No,,[了解细节](components/halloweenmoonmutable.md)
halloweenpotionmoon,游戏机制类,控制游戏中万圣节月亮药水的效果和影响，以增加游戏的趣味性和深度,No,,[了解细节](components/halloweenpotionmoon.md)
hallucinations,环境美化类,控制游戏中幻觉和幻像的出现和效果，以增加游戏的视觉体验和深度,No,,[了解细节](components/hallucinations.md)
harvestable,生物特性类,控制游戏中作物的种植和收获行为，以增加游戏的农业和经济元素,No,,[了解细节](components/harvestable.md)
hatchable,生物特性类,控制游戏中孵化和繁殖行为，以增加游戏的生物学和生态学元素,No,,[了解细节](components/hatchable.md)
hauntable,生物特性类,控制游戏中可被鬼魂附身和操控的实体，以增加游戏的恐怖和幽灵元素,No,,[了解细节](components/hauntable.md)
healer,生物特性类,控制实体在游戏中的治疗和恢复能力，以增加游戏的生存和战斗元素,No,,[了解细节](components/healer.md)
health,持续效果类组件,控制实体在游戏中的生命值和健康状态，以增加游戏的生存和战斗元素,No,,[了解细节](components/health.md)
health_replica,持续效果类组件,在游戏中,No,,[了解细节](components/health_replica.md)
healthbar,界面类,在游戏中显示实体的生命值和健康状态，以便于玩家进行战斗和生存操作,No,,[了解细节](components/healthbar.md)
healthsyncer,生物特性类,同步实体在游戏中的生命值和健康状态，以保持游戏的平衡和公正性,No,,[了解细节](components/healthsyncer.md)
healthtrigger,生物特性类,控制游戏中生命值和健康状态变化的触发和效果，以增加游戏的战斗元素,No,,[了解细节](components/healthtrigger.md)
heater,物品类,控制游戏中加热设备和加热效果，以增加游戏的生存和冒险元素,No,,[了解细节](components/heater.md)
heavyobstaclephysics,物理类,控制游戏中障碍物和物品的物理特性和行为，以增加游戏的真实感和深度,No,,[了解细节](components/heavyobstaclephysics.md)
heavyobstacleusetarget,实体相关,重型障碍物目标，例如玩家推动的巨石,No,,[了解细节](components/heavyobstacleusetarget.md)
herd,生物特性类,控制游戏中动物群体的行为和属性，以增加游戏的生态学和冒险元素,No,,[了解细节](components/herd.md)
herdmember,生物特性类,控制游戏中动物群体的成员行为和属性，以增加游戏的生态学和冒险元素,No,,[了解细节](components/herdmember.md)
hideandseeker,可交互类组件,可用于实施躲猫猫游戏的玩具,No,,[了解细节](components/hideandseeker.md)
hideandseekgame,触发器相关,处理藏猫猫游戏的逻辑,No,,[了解细节](components/hideandseekgame.md)
hideandseekhider,触发器类组件,用于藏匿Hide-and-Seek游戏中的玩家,No,,[了解细节](components/hideandseekhider.md)
hideandseekhidingspot,可交互类组件,提供一个可以躲藏实体的地点,No,,[了解细节](components/hideandseekhidingspot.md)
hideout,生物特性类,控制实体在游戏中的藏身和避难行为，以增加游戏的生存和冒险元素,No,,[了解细节](components/hideout.md)
highlight,持续效果类组件,在游戏中高亮显示特定的物品或实体，以便于玩家进行操作和识别,No,,[了解细节](components/highlight.md)
hitchable,实体相关,维护一个可搭乘的状态,No,,[了解细节](components/hitchable.md)
hitcher,可交互类组件,可绑定坐骑,No,,[了解细节](components/hitcher.md)
homeseeker,持续效果类组件,控制实体在游戏中寻找家园和建筑物，以增加游戏的生存和冒险元素,No,,[了解细节](components/homeseeker.md)
hounded,生物特性类,控制游戏中追猎和狩猎行为，以增加游戏的生存和战斗元素,No,,[了解细节](components/hounded.md)
houndedtarget,触发器类组件,维护一个列表，包含猎犬追踪的目标,No,,[了解细节](components/houndedtarget.md)
hudindicatable,可交互类组件,提供一个可交互的指示器，可以与实体进行交互,No,,[了解细节](components/hudindicatable.md)
hudindicatablemanager,可交互类组件,管理hudindicatable组件，提供可交互接口,No,,[了解细节](components/hudindicatablemanager.md)
hudindicatorwatcher,环境/天气相关,监听游戏HUD指示器的变化,No,,[了解细节](components/hudindicatorwatcher.md)
hull,物品类,控制游戏中船只和载具的外壳和属性，以增加游戏的探险和冒险元素,No,,[了解细节](components/hull.md)
hullhealth,物品类,控制游戏中船只和载具的外壳健康状态和修复，以增加游戏的探险和冒险元素,No,,[了解细节](components/hullhealth.md)
hunger,触发器类组件,控制实体在游戏中的饥饿和营养状态，以增加游戏的生存和冒险元素,No,,[了解细节](components/hunger.md)
hunger_replica,触发器类组件,在游戏中同步实体的饥饿和营养状态，以保持游戏的平衡和公正性,No,,[了解细节](components/hunger_replica.md)
hunter,生物特性类,控制实体在游戏中的狩猎和捕猎行为，以增加游戏的生存和冒险元素,No,,[了解细节](components/hunter.md)
incrementalproducer,物品类,控制游戏中物品的生产和制造，以增加游戏的农业和经济元素,No,,[了解细节](components/incrementalproducer.md)
inkable,持续效果类组件,控制实体在游戏中的墨汁喷射和染色能力，以增加游戏的生存和冒险元素,No,,[了解细节](components/inkable.md)
inspectable,可交互类组件,在游戏中允许玩家查看和调查特定物品的属性和信息，以增加游戏的深度和挑战性,No,,[了解细节](components/inspectable.md)
instrument,可交互类组件,控制游戏中乐器的音效和效果，以增加游戏的娱乐和文化元素,No,,[了解细节](components/instrument.md)
insulator,触发器类组件,控制游戏中绝缘材料的属性和效果，以增加游戏的生存和工程元素,No,,[了解细节](components/insulator.md)
inventory,可交互类组件,控制游戏中玩家或实体的物品和物品栏，以增加游戏的冒险和经济元素,No,,[了解细节](components/inventory.md)
inventory_replica,可交互类组件,在游戏中同步实体的物品栏状态，以保持游戏的平衡和公正性,No,,[了解细节](components/inventory_replica.md)
inventoryitem,可交互类组件,控制游戏中可存放在物品栏中的物品和道具，以增加游戏的冒险和经济元素,No,,[了解细节](components/inventoryitem.md)
inventoryitem_replica,可交互类组件,在游戏中同步实体的物品和物品栏状态，以保持游戏的平衡和公正性,No,,[了解细节](components/inventoryitem_replica.md)
inventoryitemmoisture,可交互类组件,控制游戏中物品的湿度和腐烂程度，以增加游戏的生存和经济元素,No,,[了解细节](components/inventoryitemmoisture.md)
itemaffinity,可交互类组件,控制游戏中物品之间的亲和力和交互效果，以增加游戏的深度和挑战性,No,,[了解细节](components/itemaffinity.md)
itemweigher,实体相关,控制游戏中物品的重量和平衡，以增加游戏的探险和工程元素,No,,[了解细节](components/itemweigher.md)
key,物品类,控制游戏中锁和钥匙的匹配和使用，以增加游戏的冒险和谜题元素,No,,[了解细节](components/key.md)
kitcoon,实体相关,豪猪、海象等动物的舍,No,,[了解细节](components/kitcoon.md)
kitcoonden,实体相关,在舞台事件中为饲养动物提供庇护所,No,,[了解细节](components/kitcoonden.md)
klaussackkey,物品类,控制游戏中特定物品和功能的解锁和使用，以增加游戏的深度和挑战性,No,,[了解细节](components/klaussackkey.md)
klaussacklock,物品类,控制游戏中特定物品和功能的锁定和禁用，以增加游戏的深度和挑战性,No,,[了解细节](components/klaussacklock.md)
klaussackloot,实体相关,定义实体“Klaus sack”的掉落物品,No,,[了解细节](components/klaussackloot.md)
klaussackspawner,生物特性类,控制游戏中某些实体和物品的生成和刷新，以增加游戏的探险和冒险元素,No,,[了解细节](components/klaussackspawner.md)
knownlocations,生物特性类,控制游戏中实体的已知位置和移动方式，以增加游戏的探险和冒险元素,No,,[了解细节](components/knownlocations.md)
kramped,生物特性类,控制游戏中实体的克朗普斯状态和行为，以增加游戏的生存和冒险元素,No,,[了解细节](components/kramped.md)
lavaarenaeventstate,环境/天气相关,控制游戏中熔岩竞技场活动的状态和流程，以增加游戏的娱乐和挑战性,No,,[了解细节](components/lavaarenaeventstate.md)
lavaarenamobtracker,游戏机制类,控制游戏中熔岩竞技场怪物的生成和数量，以增加游戏的挑战和战斗元素,No,,[了解细节](components/lavaarenamobtracker.md)
lavaarenamusic,环境/天气相关,控制游戏中熔岩竞技场音乐和音效，以增加游戏的娱乐和氛围元素,No,,[了解细节](components/lavaarenamusic.md)
leader,实体相关,控制游戏中动物群体的领袖行为和属性，以增加游戏的生态学和冒险元素,No,,[了解细节](components/leader.md)
lighter,持续效果类组件,控制游戏中火柴和打火机的使用和效果，以增加游戏的生存和冒险元素,No,,[了解细节](components/lighter.md)
lightningblocker,触发器类组件,阻止闪电击中某些目标,No,,[了解细节](components/lightningblocker.md)
lighttweener,持续效果类组件,控制游戏中光照和特效的渐变和变化，以增加游戏的美感和氛围元素,No,,[了解细节](components/lighttweener.md)
lock,可交互类组件,控制游戏中锁和钥匙的匹配和使用，以增加游戏的冒险和谜题元素,No,,[了解细节](components/lock.md)
locomotor,物理类,控制游戏中实体的运动和移动方式，以增加游戏的探险和冒险元素,No,,[了解细节](components/locomotor.md)
lootdropper,物品类,控制游戏中实体的掉落物品和掉落概率，以增加游戏的冒险和经济元素,No,,[了解细节](components/lootdropper.md)
lordfruitflytrigger,生物特性类,控制游戏中实体的绿地魔王状态和行为，以增加游戏的生存和冒险元素,No,,[了解细节](components/lordfruitflytrigger.md)
lureplantspawner,可交互类组件,控制游戏中食人花的生成和刷新，以增加游戏的探险和冒险元素,No,,[了解细节](components/lureplantspawner.md)
machine,物品类,控制游戏中机器和装置的使用和效果，以增加游戏的工程和经济元素,No,,[了解细节](components/machine.md)
madsciencelab,游戏机制类,控制游戏中疯狂科学家实验室的流程和效果，以增加游戏的深度和挑战性,No,,[了解细节](components/madsciencelab.md)
malbatrossspawner,生物特性类,控制游戏中邪天翁的生成和刷新，以增加游戏的探险和冒险元素,No,,[了解细节](components/malbatrossspawner.md)
map,可交互类组件,控制游戏中地图和地图标记的使用和效果，以增加游戏的探险和冒险元素,No,,[了解细节](components/map.md)
maprecorder,可交互类组件,记录游戏中地图和地图标记的状态和信息，以保持游戏的连续性和公正性,No,,[了解细节](components/maprecorder.md)
maprevealable,可交互类组件,控制游戏中地图和地图标记的显示和隐藏，以增加游戏的探险和隐蔽元素,No,,[了解细节](components/maprevealable.md)
maprevealer,可交互类组件,控制游戏中地图和地图标记的探索和揭示，以增加游戏的探险和冒险元素,No,,[了解细节](components/maprevealer.md)
mapspotrevealer,可交互类组件,控制游戏中地图和地图标记的某些特定位置的揭示，以增加游戏的探险和冒险元素,No,,[了解细节](components/mapspotrevealer.md)
markable,实体相关,使实体能够被标记并追踪,No,,[了解细节](components/markable.md)
markable_proxy,实体相关,魔法笔的目标,No,,[了解细节](components/markable_proxy.md)
mast,物品类,控制游戏中船只的帆和速度，以增加游戏的航海和探险元素,No,,[了解细节](components/mast.md)
maxhealer,触发器类组件,控制游戏中实体的最大治疗量和治疗速度，以增加游戏的生存和战斗元素,No,,[了解细节](components/maxhealer.md)
maxlightspawner,特效类,控制游戏中实体的最大光照和光效，以增加游戏的美感和氛围元素,No,,[了解细节](components/maxlightspawner.md)
maxwelltalker,生物特性类,控制游戏中麦斯威尔的台词和对话，以增加游戏的故事和探险元素,No,,[了解细节](components/maxwelltalker.md)
mermcandidate,生物特性类,控制游戏中美人鱼王子的生成和行为，以增加游戏的探险和冒险元素,No,,[了解细节](components/mermcandidate.md)
mermkingmanager,生物特性类,控制游戏中美人鱼国王的状态和行为，以增加游戏的故事和探险元素,No,,[了解细节](components/mermkingmanager.md)
messagebottlemanager,物品类,控制游戏中信瓶的生成和刷新，以增加游戏的探险和冒险元素,No,,[了解细节](components/messagebottlemanager.md)
meteorshower,特效类,控制游戏中流星雨的生成和刷新，以增加游戏的美感和氛围元素,No,,[了解细节](components/meteorshower.md)
mightiness,持续效果类组件,跟踪玩家的能力,No,,[了解细节](components/mightiness.md)
mightydumbbell,持续效果类组件,增加运动员的力量,No,,[了解细节](components/mightydumbbell.md)
mightygym,持续效果类组件,运动员在健身房锻炼时获得的增益,No,,[了解细节](components/mightygym.md)
migrationpetowner,实体相关,允许迁移宠物的实体,No,,[了解细节](components/migrationpetowner.md)
mine,物品类,控制游戏中地雷和陷阱的使用和效果，以增加游戏的战斗和冒险元素,No,,[了解细节](components/mine.md)
minigame,游戏机制类,控制游戏中小游戏的流程和规则，以增加游戏的娱乐和挑战性,No,,[了解细节](components/minigame.md)
minigame_participator,游戏机制类,控制游戏中小游戏参与者的行为和属性，以增加游戏的娱乐和挑战性,No,,[了解细节](components/minigame_participator.md)
minigame_spectator,游戏机制类,控制游戏中小游戏旁观者的行为和属性，以增加游戏的娱乐和观赏性,No,,[了解细节](components/minigame_spectator.md)
minionspawner,实体相关,控制游戏中随从的生成和刷新，以增加游戏的生存和冒险元素,No,,[了解细节](components/minionspawner.md)
moisture,触发器类组件,控制游戏中实体的湿度和干燥状态，以增加游戏的生存和探险元素,No,,[了解细节](components/moisture.md)
moisture_replica,触发器类组件,控制游戏中实体的湿度和干燥状态的复制和同步，以保持游戏的连续性和公正性,No,,[了解细节](components/moisture_replica.md)
mood,生物特性类,控制游戏中实体的情绪和心情，以增加游戏的生存和角色扮演元素,No,,[了解细节](components/mood.md)
moonaltarlink,触发器类组件,控制游戏中月亮祭坛的连接和传送，以增加游戏的探险和冒险元素,No,,[了解细节](components/moonaltarlink.md)
moonaltarlinktarget,触发器类组件,控制游戏中月亮祭坛的连接目标和传送效果，以增加游戏的探险和冒险元素,No,,[了解细节](components/moonaltarlinktarget.md)
moonbeastspawner,生物特性类,控制游戏中月光兽的生成和刷新，以增加游戏的探险和冒险元素,No,,[了解细节](components/moonbeastspawner.md)
moonrelic,环境/天气相关,控制游戏中月亮遗物的使用和效果，以增加游戏的探险和冒险元素,No,,[了解细节](components/moonrelic.md)
moonstormlightningmanager,环境/天气相关,管理月球风暴闪电,No,,[了解细节](components/moonstormlightningmanager.md)
moonstormmanager,环境/天气相关,管理月球暴风雨的组件,No,,[了解细节](components/moonstormmanager.md)
moonstorms,环境/天气相关,管理月球风暴和月球雨天气事件,No,,[了解细节](components/moonstorms.md)
moonstormwatcher,环境/天气相关,监听月球风暴,No,,[了解细节](components/moonstormwatcher.md)
moontrader,生物特性类,控制游戏中月亮商人的状态和行为，以增加游戏的经济和交易元素,No,,[了解细节](components/moontrader.md)
moosespawner,生物特性类,控制游戏中麋鹿的生成和刷新，以增加游戏的探险和冒险元素,No,,[了解细节](components/moosespawner.md)
murderable,生物特性类,控制游戏中实体的可攻击和被杀死状态，以增加游戏的战斗和生存元素,No,,[了解细节](components/murderable.md)
named,可交互类组件,控制游戏中实体的名称和标识，以增加游戏的角色扮演和探险元素,No,,[了解细节](components/named.md)
named_replica,可交互类组件,控制游戏中实体的名称和标识的复制和同步，以保持游戏的连续性和公正性,No,,[了解细节](components/named_replica.md)
nightmareclock,物品类,控制游戏中噩梦时钟的使用和效果，以增加游戏的生存和冒险元素,No,,[了解细节](components/nightmareclock.md)
nis,物品类,控制游戏中NIS（non-interactive sequence）的播放和效果，以增加游戏的故事和氛围元素,No,,[了解细节](components/nis.md)
npc_talker,生物特性类,控制游戏中NPC（non-player character）的对话和行为，以增加游戏的故事和角色扮演元素,No,,[了解细节](components/npc_talker.md)
nutrients_visual_manager,实体相关,控制游戏中植物养分和生长状态的可视化和管理，以增加游戏的农业和生存元素,No,,[了解细节](components/nutrients_visual_manager.md)
oar,物品类,控制游戏中划桨和船的速度和方向，以增加游戏的航海和探险元素,No,,[了解细节](components/oar.md)
oasis,生物特性类,控制游戏中绿洲的生成和效果，以增加游戏的探险和冒险元素,No,,[了解细节](components/oasis.md)
objectspawner,可交互类组件,控制游戏中物品和实体的生成和刷新，以增加游戏的探险和冒险元素,No,,[了解细节](components/objectspawner.md)
occupiable,可交互类组件,控制游戏中实体的占据和可占据状态，以增加游戏的生存和角色扮演元素,No,,[了解细节](components/occupiable.md)
occupier,可交互类组件,控制游戏中实体的占据和被占据状态，以增加游戏的生存和探险元素,No,,[了解细节](components/occupier.md)
ocean,持续效果类组件,控制游戏中海洋地图的生成和刷新，以增加游戏的航海和探险元素,No,,[了解细节](components/ocean.md)
oceancolor,可交互类组件,控制游戏中海洋地图的颜色和效果，以增加游戏的美感和氛围元素,No,,[了解细节](components/oceancolor.md)
oceanfishable,可交互类组件,控制游戏中海洋地图的钓鱼和鱼类资源的生成和刷新，以增加游戏的经济和生存元素,No,,[了解细节](components/oceanfishable.md)
oceanfishinghook,可交互类组件,控制游戏中海洋地图的钓鱼和鱼钩的使用和效果，以增加游戏的探险和冒险元素,No,,[了解细节](components/oceanfishinghook.md)
oceanfishingrod,可交互类组件,控制游戏中海洋地图的钓鱼和钓竿的使用和效果，以增加游戏的探险和冒险元素,No,,[了解细节](components/oceanfishingrod.md)
oceanfishingrod_replica,可交互类组件,控制游戏中海洋地图的钓鱼和钓竿的使用和效果的复制和同步，以保持游戏的连续性和公正性,No,,[了解细节](components/oceanfishingrod_replica.md)
oceanfishingtackle,可交互类组件,控制游戏中海洋地图的钓鱼和鱼线的使用和效果，以增加游戏的探险和冒险元素,No,,[了解细节](components/oceanfishingtackle.md)
oceanthrowable,可交互类组件,控制游戏中海洋地图的投掷物和效果，以增加游戏的探险和冒险元素,No,,[了解细节](components/oceanthrowable.md)
oldager,触发器类组件,维护角色的年龄,No,,[了解细节](components/oldager.md)
penguinspawner,生物特性类,控制游戏中企鹅的生成和刷新，以增加游戏的探险和冒险元素,No,,[了解细节](components/penguinspawner.md)
periodicspawner,持续效果类组件,控制游戏中实体的定期生成和刷新，以增加游戏的探险和冒险元素,No,,[了解细节](components/periodicspawner.md)
perishable,触发器类组件,控制游戏中物品和实体的腐烂和保鲜状态，以增加游戏的生存和冒险元素,No,,[了解细节](components/perishable.md)
pethealthbar,实体相关,控制游戏中宠物的生命值和生命条，以增加游戏的角色扮演和生存元素,No,,[了解细节](components/pethealthbar.md)
petleash,触发器类组件,控制游戏中宠物的拴绳和行动范围，以增加游戏的角色扮演和生存元素,No,,[了解细节](components/petleash.md)
petrifiable,触发器类组件,控制游戏中实体的化石化和石化状态，以增加游戏的探险和冒险元素,No,,[了解细节](components/petrifiable.md)
pickable,可交互类组件,控制游戏中可采集物品的生成和采集状态，以增加游戏的生存和冒险元素,No,,[了解细节](components/pickable.md)
pinnable,可交互类组件,控制游戏中标记和钉住物品的状态和效果，以增加游戏的生存和冒险元素,No,,[了解细节](components/pinnable.md)
placer,可交互类组件,控制游戏中物品的放置和布局状态，以增加游戏的建造和装饰元素,No,,[了解细节](components/placer.md)
plantable,物品类,控制游戏中植物和种子的种植和生长状态，以增加游戏的生存和冒险元素,No,,[了解细节](components/plantable.md)
plantregistryupdater,物品类,控制游戏中植物和种子的注册和同步，以保持游戏的连续性和公正性,No,,[了解细节](components/plantregistryupdater.md)
plantregrowth,物品类,控制游戏中植物的生长和再生状态，以增加游戏的生存和冒险元素,No,,[了解细节](components/plantregrowth.md)
plantresearchable,物品类,控制游戏中植物和种子的研究和发现状态，以增加游戏的探险和科学元素,No,,[了解细节](components/plantresearchable.md)
playeractionpicker,角色类,控制游戏中角色的行动选择和效果，以增加游戏的角色扮演和冒险元素,No,,[了解细节](components/playeractionpicker.md)
playeravatardata,角色类,控制游戏中角色的形象和数据，以增加游戏的角色扮演和美感元素,No,,[了解细节](components/playeravatardata.md)
playercontroller,角色类,控制游戏中角色的行动和状态，以增加游戏的角色扮演和生存元素,No,,[了解细节](components/playercontroller.md)
playerhearing,持续效果类组件,控制游戏中角色的听力和听觉状态，以增加游戏的角色扮演和生存元素,No,,[了解细节](components/playerhearing.md)
playerinspectable,角色类,控制游戏中角色的检查和观察状态，以增加游戏的角色扮演和探险元素,No,,[了解细节](components/playerinspectable.md)
playerlightningtarget,触发器类组件,控制游戏中角色的雷电袭击目标和效果，以增加游戏的生存和冒险元素,No,,[了解细节](components/playerlightningtarget.md)
playermetrics,角色类,控制游戏中角色的度量和指标，以增加游戏的角色扮演和科学元素,No,,[了解细节](components/playermetrics.md)
playerprox,角色类,控制游戏中角色的接近和距离状态，以增加游戏的角色扮演和探险元素,No,,[了解细节](components/playerprox.md)
playerspawner,角色类,控制游戏中角色的生成和出生状态，以增加游戏的连续性和探险元素,No,,[了解细节](components/playerspawner.md)
playertargetindicator,实体相关,控制游戏中角色的目标指示器和效果，以增加游戏的角色扮演和战斗元素,No,,[了解细节](components/playertargetindicator.md)
playervision,持续效果类组件,控制游戏中角色的视觉和光照状态，以增加游戏的美感和生存元素,No,,[了解细节](components/playervision.md)
playervoter,角色类,控制游戏中角色的投票和决策状态，以增加游戏的社交和角色扮演元素,No,,[了解细节](components/playervoter.md)
pocketwatch,可交互类组件,可以装备和查看时间的物品,No,,[了解细节](components/pocketwatch.md)
pocketwatch_dismantler,实体相关,将口袋手表拆卸成零件的地方,No,,[了解细节](components/pocketwatch_dismantler.md)
pollinator,生物特性类,控制游戏中生物的传粉和繁殖状态，以增加游戏的探险和科学元素,No,,[了解细节](components/pollinator.md)
poppable,可交互类组件,可以被玩家弹破的物品，例如气球,No,,[了解细节](components/poppable.md)
portablestructure,可交互类组件,控制游戏中可携带结构物的状态和效果，以增加游戏的生存和建造元素,No,,[了解细节](components/portablestructure.md)
positionalwarp,触发器相关,触发位置瞬移,No,,[了解细节](components/positionalwarp.md)
possessedaxe,物品类,控制游戏中附着灵魂的斧子的状态和效果，以增加游戏的冒险和探险元素,No,,[了解细节](components/possessedaxe.md)
preservative,持续效果类组件,控制游戏中食物和物品的保存和保鲜状态，以增加游戏的生存和冒险元素,No,,[了解细节](components/preservative.md)
preserver,持续效果类组件,控制游戏中食物和物品的防腐和保鲜状态，以增加游戏的生存和冒险元素,No,,[了解细节](components/preserver.md)
projectile,实体相关,控制游戏中抛射物的状态和效果，以增加游戏的战斗和冒险元素,No,,[了解细节](components/projectile.md)
propagator,持续效果类组件,控制游戏中植物和生物的繁殖和扩散状态，以增加游戏的探险和科学元素,No,,[了解细节](components/propagator.md)
prototyper,物品类,控制游戏中原型机的状态和效果，以增加游戏的科技和建造元素,No,,[了解细节](components/prototyper.md)
quagmire_hangriness,持续效果类组件,控制游戏中怪物的饥饿状态，以增加游戏的生存和冒险元素,No,,[了解细节](components/quagmire_hangriness.md)
quagmire_map,环境/天气相关,控制游戏中特定地图的状态和效果，以增加游戏的冒险和探索元素,No,,[了解细节](components/quagmire_map.md)
quagmire_music,持续效果类组件,控制游戏中特定地图的音乐和音效状态，以增加游戏的冒险和美感元素,No,,[了解细节](components/quagmire_music.md)
quagmire_recipebook,游戏特性类,控制游戏中特定地图的菜谱和烹饪状态，以增加游戏的生存和美食元素,No,,[了解细节](components/quagmire_recipebook.md)
quagmire_recipeprices,游戏特性类,控制游戏中特定地图的菜谱和价格状态，以增加游戏的经济和交易元素,No,,[了解细节](components/quagmire_recipeprices.md)
quaker,物品类,控制游戏中振动器的状态和效果，以增加游戏的科技和建造元素,No,,[了解细节](components/quaker.md)
questowner,任务类,控制游戏中任务的所有者和状态，以增加游戏的角色扮演和冒险元素,No,,[了解细节](components/questowner.md)
rampingspawner,生物特性类,控制游戏中怪物的生成和增强状态，以增加游戏的生存和冒险元素,No,,[了解细节](components/rampingspawner.md)
reader,物品类,控制游戏中阅读器的状态和效果，以增加游戏的角色扮演和科技元素,No,,[了解细节](components/reader.md)
recallmark,触发器相关,定义了可以在世界地图上单击的标记，可以触发物品/生物的召回/传送,No,,[了解细节](components/recallmark.md)
rechargeable,持续效果类组件,可充电的物品,No,,[了解细节](components/rechargeable.md)
recipestockpile,物品类,控制游戏中菜谱和烹饪材料的储存和保存状态，以增加游戏的生存和美食元素,No,,[了解细节](components/recipestockpile.md)
regrowthmanager,生物特性类,控制游戏中植物的生长和再生状态，以增加游戏的探险和科学元素,No,,[了解细节](components/regrowthmanager.md)
reloaditem,物品类,控制游戏中可重新加载的物品的状态和效果，以增加游戏的冒险和探险元素,No,,[了解细节](components/reloaditem.md)
repairable,可交互类组件,控制游戏中可修复物品的状态和效果，以增加游戏的生存和建造元素,No,,[了解细节](components/repairable.md)
repairer,可交互类组件,控制游戏中修复物品的状态和效果，以增加游戏的生存和建造元素,No,,[了解细节](components/repairer.md)
repellent,持续效果类组件,生成一个能驱赶周围小生物的范围效果,No,,[了解细节](components/repellent.md)
researchpointconverter,物品类,控制游戏中研究点的转换和使用状态，以增加游戏的科技和建造元素,No,,[了解细节](components/researchpointconverter.md)
resistance,物品类,控制游戏中物品的抵抗状态和效果，以增加游戏的生存和战斗元素,No,,[了解细节](components/resistance.md)
reticule,持续效果类组件,控制游戏中准星的状态和效果，以增加游戏的射击和战斗元素,No,,[了解细节](components/reticule.md)
retrofitcavemap_anr,地图类,控制游戏中地下地图的修复和更新状态，以增加游戏的探险和冒险元素,No,,[了解细节](components/retrofitcavemap_anr.md)
retrofitforestmap_anr,地图类,控制游戏中森林地图的修复和更新状态，以增加游戏的探险和冒险元素,No,,[了解细节](components/retrofitforestmap_anr.md)
revivablecorpse,实体相关,控制游戏中尸体的复活和使用状态，以增加游戏的生存和战斗元素,No,,[了解细节](components/revivablecorpse.md)
rideable,实体相关,控制游戏中可骑乘物品的状态和效果，以增加游戏的冒险和探险元素,No,,[了解细节](components/rideable.md)
rider,可交互类组件,控制游戏中骑乘物品的状态和效果，以增加游戏的冒险和探险元素,No,,[了解细节](components/rider.md)
rider_replica,可交互类组件,控制游戏中骑乘物品的状态和效果的复制版本，以增加游戏的冒险和探险元素,No,,[了解细节](components/rider_replica.md)
saddler,物品类,控制游戏中马鞍的状态和效果，以增加游戏的冒险和探险元素,No,,[了解细节](components/saddler.md)
saltlicker,物品类,控制游戏中盐块的状态和效果，以增加游戏的生存和动物元素,No,,[了解细节](components/saltlicker.md)
sandstorms,环境/天气相关,控制游戏中沙漠地图的沙尘暴状态和效果，以增加游戏的探险和生存元素,No,,[了解细节](components/sandstorms.md)
sandstormwatcher,环境/天气相关,用于控制沙暴的组件,No,,[了解细节](components/sandstormwatcher.md)
sanity,物品类,控制游戏中玩家和怪物的精神状态和效果，以增加游戏的生存和战斗元素,No,,[了解细节](components/sanity.md)
sanity_replica,触发器类组件,控制游戏中精神状态和效果的复制版本，以增加游戏的生存和战斗元素,No,,[了解细节](components/sanity_replica.md)
sanityaura,触发器类组件,控制游戏中精神光环的状态和效果，以增加游戏的生存和战斗元素,No,,[了解细节](components/sanityaura.md)
savedrotation,物品类,控制游戏中物品的旋转状态和效果，以增加游戏的建造和装饰元素,No,,[了解细节](components/savedrotation.md)
savedscale,物品类,控制游戏中物品的缩放状态和效果，以增加游戏的建造和装饰元素,No,,[了解细节](components/savedscale.md)
scaler,物品类,控制游戏中物品的缩放状态和效果，以增加游戏的建造和装饰元素,No,,[了解细节](components/scaler.md)
scenariorunner,实体相关,控制游戏中剧情和任务的执行状态和效果，以增加游戏的故事和探险元素,No,,[了解细节](components/scenariorunner.md)
schoolspawner,物品类,控制游戏中鱼群的生成状态和效果，以增加游戏的捕鱼和冒险元素,No,,[了解细节](components/schoolspawner.md)
seasons,环境/天气相关,控制游戏中季节的变化和效果，以增加游戏的生存和冒险元素,No,,[了解细节](components/seasons.md)
selfstacker,实体相关,控制游戏中物品的堆叠状态和效果，以增加游戏的生存和储物元素,No,,[了解细节](components/selfstacker.md)
sentientaxe,触发器类组件,控制游戏中具有意识的斧头的状态和效果，以增加游戏的生存和战斗元素,No,,[了解细节](components/sentientaxe.md)
sewing,物品类,控制游戏中缝纫物品的状态和效果，以增加游戏的生存和装饰元素,No,,[了解细节](components/sewing.md)
shadowcreaturespawner,物品类,控制游戏中暗影生物的生成状态和效果，以增加游戏的生存和战斗元素,No,,[了解细节](components/shadowcreaturespawner.md)
shadowhandspawner,持续效果类组件,控制游戏中暗影手的生成状态和效果，以增加游戏的生存和战斗元素,No,,[了解细节](components/shadowhandspawner.md)
shadowsubmissive,持续效果类组件,控制游戏中暗影生物的驯服状态和效果，以增加游戏的探险和生存元素,No,,[了解细节](components/shadowsubmissive.md)
shard_autosaver,游戏特性类,控制游戏中联机版世界自动保存的状态和效果，以增加多人联机和生存元素,No,,[了解细节](components/shard_autosaver.md)
shard_clock,游戏特性类,控制游戏中联机版世界时钟的状态和效果，以增加多人联机和时间管理元素,No,,[了解细节](components/shard_clock.md)
shard_players,游戏特性类,控制游戏中联机版世界玩家的状态和效果，以增加多人联机和协作元素,No,,[了解细节](components/shard_players.md)
shard_seasons,游戏特性类,控制游戏中联机版世界季节的变化和效果，以增加多人联机和生存元素,No,,[了解细节](components/shard_seasons.md)
shard_sinkholes,游戏特性类,控制游戏中联机版世界地下洞穴状态和效果，以增加多人联机和探险元素,No,,[了解细节](components/shard_sinkholes.md)
shard_worldreset,游戏特性类,控制游戏中联机版世界重置的状态和效果，以增加多人联机和探险元素,No,,[了解细节](components/shard_worldreset.md)
shard_worldvoter,游戏特性类,控制游戏中联机版世界投票的状态和效果，以增加多人联机和协作元素,No,,[了解细节](components/shard_worldvoter.md)
shardstate,游戏特性类,控制游戏中联机版世界碎片状态和效果，以增加多人联机和探险元素,No,,[了解细节](components/shardstate.md)
sharklistener,物品类,控制游戏中鲨鱼的音效状态和效果，以增加游戏的海洋和冒险元素,No,,[了解细节](components/sharklistener.md)
shatterfx,触发器类组件,控制游戏中物品破碎特效的状态和效果，以增加游戏的战斗和装饰元素,No,,[了解细节](components/shatterfx.md)
shaveable,可交互类组件,控制游戏中可以剃须的物品的状态和效果，以增加游戏的角色定制和装饰元素,No,,[了解细节](components/shaveable.md)
shaver,可交互类组件,控制游戏中剃须刀的状态和效果，以增加游戏的角色定制和装饰元素,No,,[了解细节](components/shaver.md)
shedder,物品类,控制游戏中可以脱落毛皮的物品的状态和效果，以增加游戏的狩猎和装饰元素,No,,[了解细节](components/shedder.md)
shelf,可交互类组件,控制游戏中货架的状态和效果，以增加游戏的储物和装饰元素,No,,[了解细节](components/shelf.md)
sheltered,环境,表示该对象是否能提供庇护所，用于保护玩家免受自然灾害的侵害。,No,,[了解细节](components/sheltered.md)
sheltered_replica,环境,Sheltered 组件的网络同步版本，用于多人联机游戏。,No,,[了解细节](components/sheltered_replica.md)
shop,可交互类组件,表示该对象是一个商店，可以用于出售或购买物品。,No,,[了解细节](components/shop.md)
simplebook,可交互类组件,表示该对象是一个书籍，可用于学习新的配方或技能。,No,,[了解细节](components/simplebook.md)
singable,可交互类组件,表示该对象可以唱歌，用于歌唱类物品。,No,,[了解细节](components/singable.md)
singinginspiration,角色,用于处理唱歌类物品的灵感效果。,No,,[了解细节](components/singinginspiration.md)
singingshellmanager,可交互类组件,管理唱歌类物品的音效和逻辑。,No,,[了解细节](components/singingshellmanager.md)
singingshelltrigger,可交互类组件,触发唱歌类物品的逻辑，例如唱歌类物品的效果和音效。,No,,[了解细节](components/singingshelltrigger.md)
sinkholespawner,环境/天气相关,生成下沉洞的逻辑。,No,,[了解细节](components/sinkholespawner.md)
sisturnregistry,环境,管理地下墓穴中的祭坛逻辑。,No,,[了解细节](components/sisturnregistry.md)
sizetweener,图形,缓慢地改变对象的大小，用于对象的动画效果。,No,,[了解细节](components/sizetweener.md)
skeletonsweeper,环境,用于清理地面上的骸骨和物品。,No,,[了解细节](components/skeletonsweeper.md)
skinner,物品,用于处理动物剥皮的逻辑。,No,,[了解细节](components/skinner.md)
skinner_beefalo,实体相关,维护皮革牛的状态,No,,[了解细节](components/skinner_beefalo.md)
sleeper,持续效果类组件,用于处理对象的睡眠逻辑。,No,,[了解细节](components/sleeper.md)
sleepingbag,实体相关,表示该对象是一个睡袋，用于让玩家在野外休息。,No,,[了解细节](components/sleepingbag.md)
sleepingbaguser,可交互类组件,处理玩家使用睡袋的逻辑，例如在睡袋中恢复生命值和精神值。,No,,[了解细节](components/sleepingbaguser.md)
smotherer,可交互类组件,处理熄灭火源的逻辑，例如用毯子扑灭营火。,No,,[了解细节](components/smotherer.md)
soul,持续效果类组件,处理灵魂相关逻辑，例如死亡后灵魂的转移。,No,,[了解细节](components/soul.md)
souleater,实体相关,处理吞噬灵魂的逻辑，例如暗影编织者。,No,,[了解细节](components/souleater.md)
spawner,持续效果类组件,用于生成生物和物品的逻辑，例如兔子洞口的兔子。,No,,[了解细节](components/spawner.md)
spawnfader,持续效果类组件,控制生成物的淡入淡出效果。,No,,[了解细节](components/spawnfader.md)
specialeventsetup,持续效果类组件,处理特殊事件的逻辑，例如新年活动和万圣节活动。,No,,[了解细节](components/specialeventsetup.md)
spectatorcorpse,角色,处理观察者角色的尸体逻辑。,No,,[了解细节](components/spectatorcorpse.md)
spell,可交互类组件,处理法术的逻辑，例如咒语魔杖和法杖。,No,,[了解细节](components/spell.md)
spellcaster,可交互类组件,处理施法者的逻辑，例如魔法师和女巫。,No,,[了解细节](components/spellcaster.md)
spidermutator,持续效果类组件,使蜘蛛突变,No,,[了解细节](components/spidermutator.md)
spooked,环境/天气相关,处理角色受到惊吓的逻辑。,No,,[了解细节](components/spooked.md)
squadmember,实体相关,处理小队成员的逻辑，例如猎犬和宠物鸟。,No,,[了解细节](components/squadmember.md)
squidspawner,实体相关,用于生成鱿鱼的逻辑。,No,,[了解细节](components/squidspawner.md)
stackable,实体相关,处理物品的堆叠逻辑，例如草和木材。,No,,[了解细节](components/stackable.md)
stackable_replica,实体相关,Stackable 组件的网络同步版本，用于多人联机游戏。,No,,[了解细节](components/stackable_replica.md)
staffsanity,持续效果类组件,改变角色心智值的物品,No,,[了解细节](components/staffsanity.md)
steeringwheel,实体相关,用于控制船只的方向,No,,[了解细节](components/steeringwheel.md)
steeringwheeluser,实体相关,能使用舵盘控制船只的实体,No,,[了解细节](components/steeringwheeluser.md)
stewer,制作,用于制作食物的炊具,No,,[了解细节](components/stewer.md)
stormwatcher,持续效果类组件,监测和控制暴风雨天气,No,,[了解细节](components/stormwatcher.md)
storyteller,故事,用于播放特定的故事剧情,No,,[了解细节](components/storyteller.md)
storytellingprop,故事,用于触发故事剧情的道具,No,,[了解细节](components/storytellingprop.md)
stretcher,医疗,用于扩大治疗范围的医疗工具,No,,[了解细节](components/stretcher.md)
strongman,持续效果类组件,为实体提供持久的攻击和防御能力,No,,[了解细节](components/strongman.md)
stunnable,触发器类组件,可被晕倒的实体,No,,[了解细节](components/stunnable.md)
submersible,实体相关,能够潜入水中的船只,No,,[了解细节](components/submersible.md)
summoningitem,实体相关,用于召唤特定实体的道具,No,,[了解细节](components/summoningitem.md)
symbolswapdata,持续效果类组件,图案交换数据,No,,[了解细节](components/symbolswapdata.md)
tackler,攻击,能够抓住并攻击敌人的实体,No,,[了解细节](components/tackler.md)
tacklesketch,攻击,用于制作抓钩道具的图纸,No,,[了解细节](components/tacklesketch.md)
talkable,实体相关,能够与玩家进行交互并发出声音的实体,No,,[了解细节](components/talkable.md)
talker,交互,能够与玩家进行交互并发出声音的实体,No,,[了解细节](components/talker.md)
teacher,实体相关,用于学习新科技的NPC,No,,[了解细节](components/teacher.md)
teamattacker,攻击,会攻击同一目标的团队成员,No,,[了解细节](components/teamattacker.md)
teamleader,团队,会指挥团队成员进行攻击和防御,No,,[了解细节](components/teamleader.md)
teleportedoverride,实体相关,可以重写传送目标的实体,No,,[了解细节](components/teleportedoverride.md)
teleporter,可交互类组件,用于传送玩家和实体的物品或建筑,No,,[了解细节](components/teleporter.md)
temperature,持续效果类组件,监测和控制温度变化,No,,[了解细节](components/temperature.md)
terraformer,持续效果类组件,用于制造新的地形和环境,No,,[了解细节](components/terraformer.md)
thief,实体相关,会偷窃玩家物品的实体,No,,[了解细节](components/thief.md)
timer,时间,控制和管理时间的工具,No,,[了解细节](components/timer.md)
toadstoolspawner,实体相关,用于刷出毒菇蛤蟆的组件,No,,[了解细节](components/toadstoolspawner.md)
tool,实体相关,可以使用的工具物品,No,,[了解细节](components/tool.md)
touchstonetracker,复活,追踪复活点的实体,No,,[了解细节](components/touchstonetracker.md)
townportalregistry,持续效果类组件,用于记录城镇传送点的位置和状态,No,,[了解细节](components/townportalregistry.md)
tradable,可交互类组件,可以进行交易的物品或实体,No,,[了解细节](components/tradable.md)
trader,可交互类组件,能够与玩家进行交易的实体,No,,[了解细节](components/trader.md)
transformer,可交互类组件,能够变形为其他形态或状态的实体,No,,[了解细节](components/transformer.md)
transparentonsanity,透明,根据玩家的精神状态变化透明度的实体,No,,[了解细节](components/transparentonsanity.md)
trap,可交互类组件,用于捕捉或攻击其他实体的陷阱,No,,[了解细节](components/trap.md)
treasuremarked,指引,指引玩家找到隐藏宝藏的组件,No,,[了解细节](components/treasuremarked.md)
treegrowthsolution,环境/天气相关,控制树木的生长模式,No,,[了解细节](components/treegrowthsolution.md)
tributable,持续效果类组件,能够接受或需要玩家贡品的实体,No,,[了解细节](components/tributable.md)
trophyscale,持续效果类组件,根据伤害量变化大小的实体,No,,[了解细节](components/trophyscale.md)
uianim,动画,控制和播放界面动画的组件,No,,[了解细节](components/uianim.md)
unevenground,持续效果类组件,用于在不平坦的地形上摆放物品的组件,No,,[了解细节](components/unevenground.md)
uniqueid,唯一标识,确定实体唯一性的组件,No,,[了解细节](components/uniqueid.md)
uniqueprefabids,唯一标识,确定实体预制体唯一性的组件,No,,[了解细节](components/uniqueprefabids.md)
unsaddler,骑乘,用于从实体身上卸下鞍具的组件,No,,[了解细节](components/unsaddler.md)
unwrappable,触发器类组件,能够被打开或拆卸的实体或物品,No,,[了解细节](components/unwrappable.md)
updatelooper,更新,控制和管理实体更新的组件,No,,[了解细节](components/updatelooper.md)
upgradeable,升级,能够进行升级和改进的建筑或物品,No,,[了解细节](components/upgradeable.md)
upgrademodule,可交互类组件,可以用于升级其他物品的升级模块,No,,[了解细节](components/upgrademodule.md)
upgrademoduleowner,可交互类组件,可拥有和使用升级模块的物品,No,,[了解细节](components/upgrademoduleowner.md)
upgrademoduleremover,可交互类组件,可移除升级模块的物品,No,,[了解细节](components/upgrademoduleremover.md)
upgrader,实体相关,用于给物品、建筑等升级，提升其属性等,No,,[了解细节](components/upgrader.md)
useableitem,实体相关,可使用的物品，包括食物、药剂等,No,,[了解细节](components/useableitem.md)
useabletargeteditem,可交互类组件,可使用的指向性物品,No,,[了解细节](components/useabletargeteditem.md)
vase,可交互类组件,装饰用的花瓶,No,,[了解细节](components/vase.md)
vasedecoration,可交互类组件,花瓶里的装饰物,No,,[了解细节](components/vasedecoration.md)
walkableplatform,可交互类组件,可行走平台，用于搭建桥梁、通道等,No,,[了解细节](components/walkableplatform.md)
walkableplatformmanager,可交互类组件,管理可行走平台的组件,No,,[了解细节](components/walkableplatformmanager.md)
walkableplatformplayer,可交互类组件,玩家在行走平台上的状态,No,,[了解细节](components/walkableplatformplayer.md)
walkingplank,可交互类组件,可以行走的木板,No,,[了解细节](components/walkingplank.md)
walkingplankuser,可交互类组件,控制行走的木板,No,,[了解细节](components/walkingplankuser.md)
wardrobe,可交互类组件,存储衣物和装备的家具,No,,[了解细节](components/wardrobe.md)
waterphysics,物理类,处理液体的物理效果,No,,[了解细节](components/waterphysics.md)
waterproofer,实用类,用于防水,No,,[了解细节](components/waterproofer.md)
watersource,实用类,产生水源的组件,No,,[了解细节](components/watersource.md)
wateryprotection,持续效果类组件,用于在水下呼吸,No,,[了解细节](components/wateryprotection.md)
wavemanager,特殊类,管理海浪的组件,No,,[了解细节](components/wavemanager.md)
wax,可交互类组件,用于涂在物品上保护其防水和耐久性,No,,[了解细节](components/wax.md)
waxable,可交互类组件,可以被蜡化，变成熔岩蜡烛等物品,No,,[了解细节](components/waxable.md)
weapon,可交互类组件,武器，可以攻击敌人,No,,[了解细节](components/weapon.md)
weather,持续效果类组件,天气系统，包括雨、雪、闪电等,No,,[了解细节](components/weather.md)
weighable,实体相关,可以被称重，用于计算某些特定物品的数量,No,,[了解细节](components/weighable.md)
werebeast,持续效果类组件,能够变成狼人或者狂鹿人的角色,No,,[了解细节](components/werebeast.md)
wereeater,持续效果类组件,能够让玩家变成狼人或者狂鹿人的物品,No,,[了解细节](components/wereeater.md)
wereness,持续效果类组件,狼人或者狂鹿人状态的标记,No,,[了解细节](components/wereness.md)
wildfires,持续效果类组件,火灾系统，会在草原、森林等环境中发生,No,,[了解细节](components/wildfires.md)
winch,可交互类组件,可以拆除建筑或者物品的工具,No,,[了解细节](components/winch.md)
winchtarget,可交互类组件,可以被拆除的建筑或者物品,No,,[了解细节](components/winchtarget.md)
winter_treeseed,物品,冬季树的种子，可以在玩家的家园中种植,No,,[了解细节](components/winter_treeseed.md)
wintersfeasttable,物品,冬季盛宴桌子，用于制作冬季盛宴的食物,No,,[了解细节](components/wintersfeasttable.md)
wintertreegiftable,物品,冬季树上的礼物，可以赠送给其他玩家,No,,[了解细节](components/wintertreegiftable.md)
wisecracker,物品,可以打开装有糖果或者小礼物的蛋糕或者礼盒,No,,[了解细节](components/wisecracker.md)
witherable,触发器类组件,会随时间枯萎的物品，比如花、草等,No,,[了解细节](components/witherable.md)
workable,实体相关,组件允许物品、建筑和地形成为可以被工作的对象，可以进行特定的操作，比如砍树、挖掘等,No,,[了解细节](components/workable.md)
worker,实体相关,使某个物品或实体能够拥有工作能力，执行特定的操作,No,,[了解细节](components/worker.md)
workmultiplier,实体相关,能够为一个工作添加一些额外的倍数，即将操作的速度加快,No,,[了解细节](components/workmultiplier.md)
worldcharacterselectlobby,界面,该组件用于创建一个玩家角色选择大厅，允许玩家选择角色和皮肤,No,,[了解细节](components/worldcharacterselectlobby.md)
worlddeciduoustreeupdater,功能性,该组件控制更新树木和叶子的生长，并确保它们在玩家进入时呈现正确的状态,No,,[了解细节](components/worlddeciduoustreeupdater.md)
worldmeteorshower,环境/天气相关,该组件在世界上创建流星雨事件,No,,[了解细节](components/worldmeteorshower.md)
worldmigrator,功能性,该组件允许玩家在多个世界之间进行迁移,No,,[了解细节](components/worldmigrator.md)
worldoverseer,环境/天气相关,控制世界上所有的生成事件和AI行为,No,,[了解细节](components/worldoverseer.md)
worldreset,功能性,允许重置世界,No,,[了解细节](components/worldreset.md)
worldsettingstimer,环境/天气相关,控制世界设置计时器，用于控制动态天气或季节变化的时间,No,,[了解细节](components/worldsettingstimer.md)
worldstate,功能性,记录和存储世界的状态信息，包括已解锁的技艺、任务等等,No,,[了解细节](components/worldstate.md)
worldtemperature,持续效果类组件,控制世界温度和季节变化,No,,[了解细节](components/worldtemperature.md)
worldvoter,功能性,允许玩家投票决定世界的一些设置,No,,[了解细节](components/worldvoter.md)
worldwind,环境/天气相关,控制世界上的风向和速度,No,,[了解细节](components/worldwind.md)
writeable,可交互类组件,允许实体写入和读取文件,No,,[了解细节](components/writeable.md)
writeable_replica,可交互类组件,允许实体写入和读取文件，同步给其他客户端,No,,[了解细节](components/writeable_replica.md)
yotb_sewer,实体相关,为YOTB饲养动物提供排泄物的地方,No,,[了解细节](components/yotb_sewer.md)
yotb_skinunlocker,触发器相关,记录解锁的皮肤,No,,[了解细节](components/yotb_skinunlocker.md)
yotb_stagemanager,实体相关,控制YOTB舞台的组件,No,,[了解细节](components/yotb_stagemanager.md)
yotb_stager,触发器相关,触发YOTB竞赛阶段事件,No,,[了解细节](components/yotb_stager.md)
yotc_racecompetitor,可交互类组件,添加一位角色作为游戏“跑酷比赛”的参赛者,No,,[了解细节](components/yotc_racecompetitor.md)
yotc_raceprizemanager,游戏玩法,管理“跑酷比赛”的奖品分配和颁发,No,,[了解细节](components/yotc_raceprizemanager.md)
yotc_racestart,游戏玩法,开始“跑酷比赛”，并随机选择比赛地图,No,,[了解细节](components/yotc_racestart.md)
yotc_racestats,游戏玩法,记录和管理“跑酷比赛”中各个参赛者的比赛成绩和排名,No,,[了解细节](components/yotc_racestats.md)
